hotel,country,total_reservas,cancelamentos,taxa_bruta,log_reservas,estimativa_bayesiana,erro_padrao,shrinkage,ic_inferior,ic_superior
City Hotel,ABW,2,0,0,0.3010299956639812,0.2278694770330245,0.10779501384749474,0.2278694770330245,0.016591249891934806,0.4391477041741142
City Hotel,AGO,338,198,0.5857988165680473,2.5289167002776547,0.5737007944463199,0.026391172057675757,0.012098022121727392,0.5219740972132755,0.6254274916793644
City Hotel,AIA,1,0,0,0,0.2439825842088595,0.11420677911254053,0.2439825842088595,0.020137297148280053,0.4678278712694389
City Hotel,ALB,9,1,0.1111111111111111,0.9542425094393249,0.20099341270523113,0.08516456600157325,0.08988230159412003,0.03407086334214757,0.3679159620683147
City Hotel,AND,2,2,1,0.3010299956639812,0.3599535536738513,0.1233500166669585,0.6400464463261487,0.11818752100661264,0.6017195863410899
City Hotel,ARE,40,35,0.875,1.6020599913279623,0.7235419018722814,0.06135190929409235,0.1514580981277186,0.6032921596558604,0.8437916440887024
City Hotel,ARG,157,45,0.28662420382165604,2.1958996524092336,0.28476453187386186,0.03459886623054932,0.0018596719477941837,0.2169507540619852,0.35257830968573856
City Hotel,ARM,6,2,0.3333333333333333,0.7781512503836436,0.28473550194999614,0.10314827192229438,0.048597831383337176,0.08256488898229916,0.4869061149176931
City Hotel,ASM,1,0,0,0,0.2439825842088595,0.11420677911254053,0.2439825842088595,0.020137297148280053,0.4678278712694389
City Hotel,ATA,2,0,0,0.3010299956639812,0.2278694770330245,0.10779501384749474,0.2278694770330245,0.016591249891934806,0.4391477041741142
City Hotel,ATF,1,0,0,0,0.2439825842088595,0.11420677911254053,0.2439825842088595,0.020137297148280053,0.4678278712694389
City Hotel,AUS,339,92,0.2713864306784661,2.530199698203082,0.2710565772006853,0.023687435914580047,3.2985347778075047e-4,0.22462920280810844,0.3174839515932622
City Hotel,AUT,1053,196,0.18613485280151948,3.0224283711854865,0.1870767630800027,0.011943378406826494,9.419102784832267e-4,0.16366774140262277,0.21048578475738264
City Hotel,AZE,14,8,0.5714285714285714,1.146128035678238,0.4218710750999963,0.09479432448620731,0.14955749632857512,0.23607419910702995,0.6076679510929626
City Hotel,BEL,1894,415,0.2191129883843717,3.2773799746672547,0.2194122925965021,0.009476540675338025,2.993042121303968e-4,0.20083827287283956,0.23798631232016465
City Hotel,BEN,3,3,1,0.47712125471966244,0.399604871741677,0.12191496992394914,0.600395128258323,0.16065153069073673,0.6385582127926173
City Hotel,BFA,1,0,0,0,0.2439825842088595,0.11420677911254053,0.2439825842088595,0.020137297148280053,0.4678278712694389
City Hotel,BGD,12,9,0.75,1.0791812460476249,0.4952046061552456,0.09971287443404389,0.2547953938447544,0.29976737226451955,0.6906418400459716
City Hotel,BGR,70,12,0.17142857142857143,1.845098040014257,0.18583139908253554,0.04265862248242676,0.014402827653964112,0.10222049901697909,0.269442299148092
City Hotel,BHR,4,3,0.75,0.6020599913279624,0.37629324604432113,0.11701036354079332,0.37370675395567887,0.14695293350436622,0.605633558584276
City Hotel,BIH,12,3,0.25,1.0791812460476249,0.2565588788859696,0.08709997301862457,0.006558878885969621,0.08584293176946547,0.4272748260024738
City Hotel,BLR,19,6,0.3157894736842105,1.2787536009528289,0.2940205394681989,0.08036173300205288,0.021768934216011615,0.13651154278417527,0.4515295361522225
City Hotel,BOL,10,0,0,1,0.14909642338172488,0.07404138886606175,0.14909642338172488,0.0039753012042438585,0.2942175455592059
City Hotel,BRA,1794,729,0.40635451505016723,3.2538224387080734,0.40530872647395466,0.011548953582930578,0.0010457885762125696,0.3826727774514107,0.4279446754964986
City Hotel,BRB,4,0,0,0.6020599913279624,0.20128317475250562,0.09684362713330578,0.20128317475250562,0.011469665571226278,0.39109668393378494
City Hotel,CAF,2,0,0,0.3010299956639812,0.2278694770330245,0.10779501384749474,0.2278694770330245,0.016591249891934806,0.4391477041741142
City Hotel,CHE,1295,316,0.244015444015444,3.1122697684172707,0.2442016246968756,0.011878177975148405,1.8618068143158584e-4,0.2209203958655847,0.2674828535281665
City Hotel,CHL,48,13,0.2708333333333333,1.6812412373755872,0.2690524508409617,0.05671425381605793,0.001780882492371627,0.15789251336148813,0.38021238832043525
City Hotel,CHN,865,453,0.5236994219653179,2.9370161074648142,0.5197911469772096,0.01685959655023089,0.003908274988108307,0.4867463377387571,0.5528359562156622
City Hotel,CIV,4,2,0.5,0.6020599913279624,0.31795655561371594,0.11247624389842793,0.18204344438628406,0.0975031175727972,0.5384099936546347
City Hotel,CMR,8,0,0,0.9030899869919435,0.16320079721246053,0.0803711275836578,0.16320079721246053,0.005673387148491249,0.3207282072764298
City Hotel,CN,569,158,0.27768014059753954,2.7551122663950713,0.2773385291240571,0.018554879392041188,3.4161147348243937e-4,0.2409709655156564,0.3137060927324578
City Hotel,COL,55,19,0.34545454545454546,1.7403626894942439,0.3294651281920427,0.056938809899877936,0.015989417262502748,0.21786506078828194,0.4410651955958035
City Hotel,COM,1,0,0,0,0.2439825842088595,0.11420677911254053,0.2439825842088595,0.020137297148280053,0.4678278712694389
City Hotel,CPV,19,12,0.631578947368421,1.2787536009528289,0.4806929354270058,0.08812728907234972,0.1508860119414152,0.3079634488452003,0.6534224220088113
City Hotel,CRI,17,1,0.058823529411764705,1.2304489213782739,0.14764744351525488,0.06461561752036446,0.08882391410349018,0.021000833175340544,0.27429405385516925
City Hotel,CUB,4,0,0,0.6020599913279624,0.20128317475250562,0.09684362713330578,0.20128317475250562,0.011469665571226278,0.39109668393378494
City Hotel,CYP,43,9,0.20930232558139536,1.6334684555795864,0.2217662148056545,0.055444604866632545,0.012463889224259145,0.11309478926705471,0.33043764034425427
City Hotel,CZE,144,33,0.22916666666666666,2.1583624920952498,0.23195835709254414,0.03367064506053337,0.0027916904258774855,0.16596389277389872,0.29795282141118956
City Hotel,DEU,6084,1072,0.1761998685075608,3.7841892053809607,0.1763859842792756,0.004881246619942126,1.8611577171478988e-4,0.16681874090418902,0.18595322765436217
City Hotel,DMA,1,0,0,0,0.2439825842088595,0.11420677911254053,0.2439825842088595,0.020137297148280053,0.4678278712694389
City Hotel,DNK,370,104,0.2810810810810811,2.568201724066995,0.28044538688864534,0.022949658295052168,6.35694192435754e-4,0.2354640566303431,0.3254267171469476
City Hotel,DOM,11,8,0.7272727272727273,1.0413926851582251,0.4742950668032828,0.10162717909777914,0.2529776604694445,0.2751057957716357,0.67348433783493
City Hotel,DZA,91,16,0.17582417582417584,1.9590413923210936,0.1867680119807119,0.03818965960222203,0.010943836156536074,0.11191627916035674,0.2616197448010671
City Hotel,ECU,25,8,0.32,1.3979400086720377,0.3002047344049235,0.07421527040568521,0.019795265595076494,0.1547428044097805,0.4456666644000665
City Hotel,EGY,31,11,0.3548387096774194,1.4913616938342726,0.32736197936580624,0.07062841467953872,0.02747673031161313,0.18893028659391037,0.4657936721377021
City Hotel,ESP,4611,1326,0.28757319453480806,3.6637951222194074,0.28750207224091606,0.0066557456573128546,7.112229389200087e-5,0.2744568107525829,0.30054733372924924
City Hotel,EST,50,14,0.28,1.6989700043360187,0.27636764587323764,0.05627867521374594,0.0036323541267623827,0.1660614424542956,0.3866738492921797
City Hotel,ETH,3,1,0.3333333333333333,0.47712125471966244,0.27570349459811716,0.11122499612477742,0.057629838735216155,0.05770250219355344,0.4937044870026809
City Hotel,FIN,296,53,0.17905405405405406,2.4712917110589387,0.18260344361135192,0.02197313218332826,0.0035493895572978607,0.13953610453202853,0.2256707826906753
City Hotel,FRA,8804,1723,0.1957064970467969,3.94468003388131,0.19580612351179202,0.004226001056551066,9.962646499511729e-5,0.18752316144095194,0.2040890855826321
City Hotel,FRO,5,4,0.8,0.6989700043360189,0.4106726530458738,0.11550084363451146,0.38932734695412624,0.18429099952223135,0.6370543065695162
City Hotel,GAB,4,2,0.5,0.6020599913279624,0.31795655561371594,0.11247624389842793,0.18204344438628406,0.0975031175727972,0.5384099936546347
City Hotel,GBR,5315,1562,0.2938852304797742,3.7255032688593155,0.2938079368290261,0.00624029740055356,7.729365074810035e-5,0.28157695392394116,0.30603891973411107
City Hotel,GEO,11,8,0.7272727272727273,1.0413926851582251,0.4742950668032828,0.10162717909777914,0.2529776604694445,0.2751057957716357,0.67348433783493
City Hotel,GGY,2,2,1,0.3010299956639812,0.3599535536738513,0.1233500166669585,0.6400464463261487,0.11818752100661264,0.6017195863410899
City Hotel,GHA,4,2,0.5,0.6020599913279624,0.31795655561371594,0.11247624389842793,0.18204344438628406,0.0975031175727972,0.5384099936546347
City Hotel,GIB,5,5,1,0.6989700043360189,0.4657937604950257,0.11711439485956023,0.5342062395049743,0.23624954657028766,0.6953379744197637
City Hotel,GLP,2,2,1,0.3010299956639812,0.3599535536738513,0.1233500166669585,0.6400464463261487,0.11818752100661264,0.6017195863410899
City Hotel,GNB,9,1,0.1111111111111111,0.9542425094393249,0.20099341270523113,0.08516456600157325,0.08988230159412003,0.03407086334214757,0.3679159620683147
City Hotel,GRC,118,33,0.2796610169491525,2.0718820073061255,0.277946089734338,0.03911960034691362,0.0017149272148145323,0.2012716730543873,0.35462050641428866
City Hotel,GTM,4,0,0,0.6020599913279624,0.20128317475250562,0.09684362713330578,0.20128317475250562,0.011469665571226278,0.39109668393378494
City Hotel,GUY,1,0,0,0,0.2439825842088595,0.11420677911254053,0.2439825842088595,0.020137297148280053,0.4678278712694389
City Hotel,HKG,25,23,0.92,1.3979400086720377,0.6934733327866602,0.07465312976388092,0.2265266672133398,0.5471531984494536,0.8397934671238668
City Hotel,HND,1,1,1,0,0.3146945873504639,0.12349042568635764,0.6853054126495361,0.07265335300520293,0.5567358216957249
City Hotel,HRV,89,23,0.25842696629213485,1.9493900066449128,0.25895717377016886,0.04334447263735509,5.30207478034006e-4,0.1740020074009529,0.3439123401393848
City Hotel,HUN,183,68,0.37158469945355194,2.2624510897304293,0.3642790288125015,0.03436095277880925,0.007305670641050421,0.2969315613660354,0.43162649625896765
City Hotel,IDN,30,22,0.7333333333333333,1.4771212547196624,0.5899227310323396,0.07488260215297969,0.14341060230099367,0.44315283081249945,0.7366926312521798
City Hotel,IMN,2,2,1,0.3010299956639812,0.3599535536738513,0.1233500166669585,0.6400464463261487,0.11818752100661264,0.6017195863410899
City Hotel,IND,115,31,0.26956521739130435,2.060697840353612,0.26884553793875965,0.03916611132432985,7.19679452544697e-4,0.19207995974307313,0.3456111161344462
City Hotel,IRL,1209,400,0.3308519437551696,3.0824263008607717,0.33011746004118847,0.01345156346511145,7.344837139811045e-4,0.30375239564957,0.3564825244328069
City Hotel,IRN,78,23,0.2948717948717949,1.8920946026904804,0.29021096406398394,0.047540372714452515,0.004660830807810934,0.197031833543657,0.3833900945843109
City Hotel,IRQ,14,0,0,1.146128035678238,0.12712352026880516,0.06393953344602506,0.12712352026880516,0.001802034714596057,0.25244500582301427
City Hotel,ISL,51,4,0.0784313725490196,1.7075701760979363,0.11615455034167357,0.04000695229914102,0.03772317779265397,0.03774092383535717,0.19456817684799
City Hotel,ISR,641,157,0.24492979719188768,2.8068580295188172,0.24528374859620844,0.016822489426510538,3.5395140432076255e-4,0.21231166932024778,0.27825582787216907
City Hotel,ITA,3307,1253,0.3788932567281524,3.519434194913703,0.3784327354373669,0.008417053635331843,4.605212907854983e-4,0.36193531031211645,0.3949301605626173
City Hotel,JAM,1,0,0,0,0.2439825842088595,0.11420677911254053,0.2439825842088595,0.020137297148280053,0.4678278712694389
City Hotel,JEY,5,5,1,0.6989700043360189,0.4657937604950257,0.11711439485956023,0.5342062395049743,0.23624954657028766,0.6953379744197637
City Hotel,JOR,19,3,0.15789473684210525,1.2787536009528289,0.20068434148879544,0.07064482114729768,0.04278960464669018,0.062220492040091974,0.33914819093749893
City Hotel,JPN,188,28,0.14893617021276595,2.27415784926368,0.1563591411516266,0.025608798227537286,0.007422970938860657,0.10616589662565352,0.2065523856775997
City Hotel,KAZ,14,4,0.2857142857142857,1.146128035678238,0.27449729768440073,0.08565814514224393,0.011216988029884967,0.10660733320560264,0.4423872621631988
City Hotel,KEN,6,2,0.3333333333333333,0.7781512503836436,0.28473550194999614,0.10314827192229438,0.048597831383337176,0.08256488898229916,0.4869061149176931
City Hotel,KHM,2,2,1,0.3010299956639812,0.3599535536738513,0.1233500166669585,0.6400464463261487,0.11818752100661264,0.6017195863410899
City Hotel,KIR,1,0,0,0,0.2439825842088595,0.11420677911254053,0.2439825842088595,0.020137297148280053,0.4678278712694389
City Hotel,KNA,2,0,0,0.3010299956639812,0.2278694770330245,0.10779501384749474,0.2278694770330245,0.016591249891934806,0.4391477041741142
City Hotel,KOR,124,52,0.41935483870967744,2.093421685162235,0.4043285240902195,0.041906902132267776,0.015026314619457914,0.32219099591097466,0.4864660522694644
City Hotel,KWT,13,5,0.38461538461538464,1.1139433523068367,0.3232504001693132,0.09147769414291448,0.06136498444607141,0.14395411964920085,0.5025466806894257
City Hotel,LAO,2,0,0,0.3010299956639812,0.2278694770330245,0.10779501384749474,0.2278694770330245,0.016591249891934806,0.4391477041741142
City Hotel,LBN,25,6,0.24,1.3979400086720377,0.24776892128735864,0.06990336092042454,0.007768921287358649,0.11075833388332654,0.38477950869139077
City Hotel,LBY,8,0,0,0.9030899869919435,0.16320079721246053,0.0803711275836578,0.16320079721246053,0.005673387148491249,0.3207282072764298
City Hotel,LCA,1,0,0,0,0.2439825842088595,0.11420677911254053,0.2439825842088595,0.020137297148280053,0.4678278712694389
City Hotel,LIE,3,1,0.3333333333333333,0.47712125471966244,0.27570349459811716,0.11122499612477742,0.057629838735216155,0.05770250219355344,0.4937044870026809
City Hotel,LKA,6,0,0,0.7781512503836436,0.18025250552428349,0.0878594571811311,0.18025250552428349,0.008047969449266529,0.35245704159930047
City Hotel,LTU,35,6,0.17142857142857143,1.5440680443502757,0.19630251209400879,0.05724634365954191,0.024873940665437355,0.08409967852130663,0.30850534566671095
City Hotel,LUX,207,83,0.40096618357487923,2.315970345456918,0.3927029869207904,0.03291405182089311,0.008263196654088811,0.3281914453518399,0.4572145284897409
City Hotel,LVA,22,5,0.22727272727272727,1.3424226808222062,0.24046443716118246,0.07209199553252023,0.013191709888455194,0.09916412591744281,0.38176474840492214
City Hotel,MAC,15,15,1,1.1760912590556813,0.6556198906199241,0.08957124469002271,0.3443801093800759,0.48006025102747957,0.8311795302123686
City Hotel,MAR,184,73,0.3967391304347826,2.2648178230095364,0.3877936731471213,0.03470242544318838,0.008945457287661274,0.31977691927847207,0.45581042701577057
City Hotel,MCO,4,1,0.25,0.6020599913279624,0.2596198651831108,0.1058929951490058,0.00961986518311081,0.052069594691059456,0.4671701356751622
City Hotel,MDV,6,5,0.8333333333333334,0.7781512503836436,0.44145999658856516,0.11349601971563268,0.3918733367447682,0.21900779794592512,0.6639121952312053
City Hotel,MEX,79,10,0.12658227848101267,1.8976270912904414,0.14597457213873785,0.036782859973831586,0.019392293657725185,0.07388016659002794,0.21806897768744776
City Hotel,MKD,9,2,0.2222222222222222,0.9542425094393249,0.2461567151640243,0.09154596874490648,0.023934492941802082,0.0667266164240076,0.42558681390404096
City Hotel,MLI,1,0,0,0,0.2439825842088595,0.11420677911254053,0.2439825842088595,0.020137297148280053,0.4678278712694389
City Hotel,MLT,16,5,0.3125,1.2041199826559248,0.28997349722040844,0.08405387119322823,0.022526502779591562,0.12522790968168113,0.45471908475913575
City Hotel,MMR,1,0,0,0,0.2439825842088595,0.11420677911254053,0.2439825842088595,0.020137297148280053,0.4678278712694389
City Hotel,MNE,5,2,0.4,0.6989700043360189,0.3004304381475701,0.10763323298406259,0.09956956185242993,0.08946930149880741,0.5113915747963328
City Hotel,MOZ,61,16,0.26229508196721313,1.7853298350107671,0.2623398894132131,0.05108913453096706,4.4807445999994755e-5,0.1622051857325177,0.36247459309390856
City Hotel,MRT,1,0,0,0,0.2439825842088595,0.11420677911254053,0.2439825842088595,0.020137297148280053,0.4678278712694389
City Hotel,MUS,6,1,0.16666666666666666,0.7781512503836436,0.23249400373713983,0.09655051141284982,0.06582733707047317,0.04325500136795418,0.42173300610632547
City Hotel,MYS,18,3,0.16666666666666666,1.255272505103306,0.2071285382395663,0.072618791164225,0.040461871572899655,0.06479570755768532,0.3494613689214473
City Hotel,MYT,2,2,1,0.3010299956639812,0.3599535536738513,0.1233500166669585,0.6400464463261487,0.11818752100661264,0.6017195863410899
City Hotel,NAM,1,0,0,0,0.2439825842088595,0.11420677911254053,0.2439825842088595,0.020137297148280053,0.4678278712694389
City Hotel,NCL,1,0,0,0,0.2439825842088595,0.11420677911254053,0.2439825842088595,0.020137297148280053,0.4678278712694389
City Hotel,NGA,24,19,0.7916666666666666,1.380211241711606,0.6044490964826531,0.08023228672888985,0.18721757018401353,0.447193814494029,0.7617043784712771
City Hotel,NIC,1,1,1,0,0.3146945873504639,0.12349042568635764,0.6853054126495361,0.07265335300520293,0.5567358216957249
City Hotel,NLD,1590,331,0.20817610062893083,3.2013971243204513,0.20862181711355005,0.010148127616123269,4.4571648461921853e-4,0.18873148698594844,0.22851214724115165
City Hotel,NOR,484,158,0.32644628099173556,2.6848453616444123,0.32475713610228363,0.021002412400117167,0.0016891448894519323,0.283592407798054,0.36592186440651325
City Hotel,NULL,24,22,0.9166666666666666,1.380211241711606,0.6852204725493412,0.07620553530267256,0.23144619411732548,0.535857623356103,0.8345833217425793
City Hotel,NZL,60,6,0.1,1.7781512503836436,0.1292060219376203,0.039220764478712,0.029206021937620286,0.05233332355934478,0.2060787203158958
City Hotel,OMN,7,4,0.5714285714285714,0.8450980400142568,0.3698946477940318,0.10757112409231664,0.2015339236345396,0.1590552445730912,0.5807340510149724
City Hotel,PAK,10,7,0.7,1,0.45157845319257955,0.10344860291288496,0.2484215468074204,0.24881919148332504,0.6543377149018341
City Hotel,PAN,9,0,0,0.9542425094393249,0.155830110246438,0.07707853707205398,0.155830110246438,0.004756177585212212,0.3069040429076638
City Hotel,PER,28,6,0.21428571428571427,1.4471580313422192,0.229702004237006,0.0655797503648322,0.01541628995129174,0.10116569352193491,0.35823831495207714
City Hotel,PHL,24,16,0.6666666666666666,1.380211241711606,0.523677720415965,0.08195031177722256,0.14298894625070158,0.36305510933260887,0.6843003314993212
City Hotel,POL,586,176,0.3003412969283277,2.767897616018091,0.29951231743074347,0.018712971653223033,8.289794975842035e-4,0.26283489299042634,0.3361897418710606
City Hotel,PRI,3,2,0.6666666666666666,0.47712125471966244,0.3376541831698971,0.11770679513107006,0.32901248349676954,0.10694886471299977,0.5683595016267944
City Hotel,PRT,30960,20081,0.6486111111111111,4.490800952010855,0.6484473048951207,0.002712938381001609,1.6380621599043632e-4,0.6431299456683576,0.6537646641218838
City Hotel,PRY,4,0,0,0.6020599913279624,0.20128317475250562,0.09684362713330578,0.20128317475250562,0.011469665571226278,0.39109668393378494
City Hotel,PYF,1,0,0,0,0.2439825842088595,0.11420677911254053,0.2439825842088595,0.020137297148280053,0.4678278712694389
City Hotel,QAT,14,11,0.7857142857142857,1.146128035678238,0.5324014081616929,0.09577150386379953,0.2533128775525928,0.3446892605886458,0.72011355573474
City Hotel,ROU,323,102,0.3157894736842105,2.509202522331103,0.3137079291688051,0.025307889658431573,0.0020815445154054313,0.2641044654382792,0.36331139289933095
City Hotel,RUS,443,178,0.4018058690744921,2.6464037262230695,0.3977937168805643,0.022916676343858182,0.004012152193927809,0.3528770312466023,0.4427104025145263
City Hotel,RWA,2,0,0,0.3010299956639812,0.2278694770330245,0.10779501384749474,0.2278694770330245,0.016591249891934806,0.4391477041741142
City Hotel,SAU,47,33,0.7021276595744681,1.6720978579357175,0.6060731028510189,0.06300599246894616,0.0960545567234492,0.4825813576118844,0.7295648480901533
City Hotel,SDN,1,0,0,0,0.2439825842088595,0.11420677911254053,0.2439825842088595,0.020137297148280053,0.4678278712694389
City Hotel,SEN,10,7,0.7,1,0.45157845319257955,0.10344860291288496,0.2484215468074204,0.24881919148332504,0.6543377149018341
City Hotel,SGP,35,16,0.45714285714285713,1.5440680443502757,0.40402190210442857,0.07072225887727686,0.05312095503842856,0.2654062747049659,0.5426375295038912
City Hotel,SLE,1,0,0,0,0.2439825842088595,0.11420677911254053,0.2439825842088595,0.020137297148280053,0.4678278712694389
City Hotel,SLV,2,0,0,0.3010299956639812,0.2278694770330245,0.10779501384749474,0.2278694770330245,0.016591249891934806,0.4391477041741142
City Hotel,SRB,94,3,0.031914893617021274,1.9731278535996986,0.060204008972805804,0.022979992766493647,0.02828911535578453,0.015163223150478258,0.10524479479513335
City Hotel,STP,2,0,0,0.3010299956639812,0.2278694770330245,0.10779501384749474,0.2278694770330245,0.016591249891934806,0.4391477041741142
City Hotel,SUR,1,0,0,0,0.2439825842088595,0.11420677911254053,0.2439825842088595,0.020137297148280053,0.4678278712694389
City Hotel,SVK,53,21,0.39622641509433965,1.724275869600789,0.3696655372717185,0.05935424317744525,0.02656087782262112,0.2533312206439258,0.4859998538995112
City Hotel,SVN,46,14,0.30434782608695654,1.662757831681574,0.29505948926316167,0.05930393336535203,0.009288336823794874,0.1788237798670717,0.4112951986592516
City Hotel,SWE,720,154,0.21388888888888888,2.8573324964312685,0.21476112120889104,0.015166477208298338,8.722323200021642e-4,0.1850348258806263,0.24448741653715578
City Hotel,SYC,1,0,0,0,0.2439825842088595,0.11420677911254053,0.2439825842088595,0.020137297148280053,0.4678278712694389
City Hotel,SYR,2,0,0,0.3010299956639812,0.2278694770330245,0.10779501384749474,0.2278694770330245,0.016591249891934806,0.4391477041741142
City Hotel,TGO,1,0,0,0,0.2439825842088595,0.11420677911254053,0.2439825842088595,0.020137297148280053,0.4678278712694389
City Hotel,THA,53,18,0.33962264150943394,1.724275869600789,0.32430848928241374,0.05755925353876301,0.015314152227020206,0.21149235234643823,0.4371246262183892
City Hotel,TJK,9,8,0.8888888888888888,0.9542425094393249,0.5171365299167832,0.10619587058638086,0.3717523589721057,0.3089926235674767,0.7252804362660896
City Hotel,TMP,3,1,0.3333333333333333,0.47712125471966244,0.27570349459811716,0.11122499612477742,0.057629838735216155,0.05770250219355344,0.4937044870026809
City Hotel,TUN,38,18,0.47368421052631576,1.5797835966168101,0.41942873576286155,0.06900309239916849,0.054255474763454214,0.2841826746604913,0.5546747968652318
City Hotel,TUR,225,95,0.4222222222222222,2.3521825181113627,0.41341058538930847,0.031910971545668125,0.00881163683291375,0.350865081159799,0.47595608961881797
City Hotel,TWN,39,14,0.358974358974359,1.591064607026499,0.33467096464983925,0.06534824855907763,0.024303394324519723,0.20658839747404711,0.4627535318256314
City Hotel,TZA,5,3,0.6,0.6989700043360189,0.355551545596722,0.11238396386218708,0.244448454403278,0.1352789764268353,0.5758241147666087
City Hotel,UGA,1,0,0,0,0.2439825842088595,0.11420677911254053,0.2439825842088595,0.020137297148280053,0.4678278712694389
City Hotel,UKR,45,20,0.4444444444444444,1.6532125137753437,0.4033301627329125,0.06433582769255773,0.04111428171153192,0.27723194045549937,0.5294283850103256
City Hotel,UMI,1,1,1,0,0.3146945873504639,0.12349042568635764,0.6853054126495361,0.07265335300520293,0.5567358216957249
City Hotel,URY,24,6,0.25,1.380211241711606,0.2544398001936716,0.07146641459866448,0.0044398001936715725,0.11436562758028918,0.39451397280705397
City Hotel,USA,1618,429,0.26514215080346104,3.2089785172762535,0.26512124906397805,0.010929096119987868,2.0901739482992454e-5,0.24370022066880181,0.2865422774591543
City Hotel,UZB,3,2,0.6666666666666666,0.47712125471966244,0.3376541831698971,0.11770679513107006,0.32901248349676954,0.10694886471299977,0.5683595016267944
City Hotel,VEN,23,11,0.4782608695652174,1.3617278360175928,0.399823525757919,0.0814832500097914,0.07843734380729839,0.2401163557387279,0.5595306957771101
City Hotel,VGB,1,1,1,0,0.3146945873504639,0.12349042568635764,0.6853054126495361,0.07265335300520293,0.5567358216957249
City Hotel,VNM,6,2,0.3333333333333333,0.7781512503836436,0.28473550194999614,0.10314827192229438,0.048597831383337176,0.08256488898229916,0.4869061149176931
City Hotel,ZAF,62,26,0.41935483870967744,1.792391689498254,0.39193022340022443,0.0563170743427418,0.027424615309453004,0.2815487576884505,0.5023116891119983
City Hotel,ZMB,1,1,1,0,0.3146945873504639,0.12349042568635764,0.6853054126495361,0.07265335300520293,0.5567358216957249
City Hotel,ZWE,2,2,1,0.3010299956639812,0.3599535536738513,0.1233500166669585,0.6400464463261487,0.11818752100661264,0.6017195863410899
Resort Hotel,AGO,24,7,0.2916666666666667,1.380211241711606,0.28136359221590096,0.07378306148594777,0.010303074450765726,0.13674879170344334,0.4259783927283586
Resort Hotel,ALB,3,1,0.3333333333333333,0.47712125471966244,0.27570349459811716,0.11122499612477742,0.057629838735216155,0.05770250219355344,0.4937044870026809
Resort Hotel,AND,5,3,0.6,0.6989700043360189,0.355551545596722,0.11238396386218708,0.244448454403278,0.1352789764268353,0.5758241147666087
Resort Hotel,ARE,11,8,0.7272727272727273,1.0413926851582251,0.4742950668032828,0.10162717909777914,0.2529776604694445,0.2751057957716357,0.67348433783493
Resort Hotel,ARG,57,9,0.15789473684210525,1.7558748556724915,0.1775026817739005,0.04562270515402342,0.01960794493179524,0.0880821796720146,0.2669231838757864
Resort Hotel,ARM,2,0,0,0.3010299956639812,0.2278694770330245,0.10779501384749474,0.2278694770330245,0.016591249891934806,0.4391477041741142
Resort Hotel,AUS,87,15,0.1724137931034483,1.9395192526186185,0.18424231568104377,0.038740696878066014,0.01182852257759548,0.10831054980003438,0.26017408156205313
Resort Hotel,AUT,210,34,0.1619047619047619,2.322219294733919,0.1678321062545177,0.02501799294616907,0.005927344349755781,0.11879684008002632,0.21686737242900905
Resort Hotel,AZE,3,1,0.3333333333333333,0.47712125471966244,0.27570349459811716,0.11122499612477742,0.057629838735216155,0.05770250219355344,0.4937044870026809
Resort Hotel,BDI,1,0,0,0,0.2439825842088595,0.11420677911254053,0.2439825842088595,0.020137297148280053,0.4678278712694389
Resort Hotel,BEL,448,59,0.13169642857142858,2.651278013998144,0.1354255037737019,0.015934343003373288,0.0037290752022733353,0.10419419148709026,0.16665681606031355
Resort Hotel,BGR,5,0,0,0.6989700043360189,0.19018822324926635,0.09213885732654617,0.19018822324926635,0.009596062889235868,0.3707803836092968
Resort Hotel,BHR,1,1,1,0,0.3146945873504639,0.12349042568635764,0.6853054126495361,0.07265335300520293,0.5567358216957249
Resort Hotel,BHS,1,0,0,0,0.2439825842088595,0.11420677911254053,0.2439825842088595,0.020137297148280053,0.4678278712694389
Resort Hotel,BIH,1,0,0,0,0.2439825842088595,0.11420677911254053,0.2439825842088595,0.020137297148280053,0.4678278712694389
Resort Hotel,BLR,7,3,0.42857142857142855,0.8450980400142568,0.32024682616602707,0.1039604469924927,0.10832460240540148,0.11648435006074137,0.5240093022713128
Resort Hotel,BRA,430,101,0.23488372093023255,2.6334684555795866,0.23570413238837573,0.020162434091647044,8.204114581431832e-4,0.19618576156874754,0.27522250320800395
Resort Hotel,BWA,1,0,0,0,0.2439825842088595,0.11420677911254053,0.2439825842088595,0.020137297148280053,0.4678278712694389
Resort Hotel,CAF,3,0,0,0.47712125471966244,0.21375280602633726,0.10203720066889613,0.21375280602633726,0.013759892715300842,0.4137457193373737
Resort Hotel,CHE,435,112,0.2574712643678161,2.6384892569546374,0.25762013707765014,0.020658331097869704,1.48872709834047e-4,0.21712980812582552,0.2981104660294748
Resort Hotel,CHL,17,3,0.17647058823529413,1.2304489213782739,0.2140003260201797,0.07470218411322364,0.03752973778488558,0.06758404515826136,0.3604166068820981
Resort Hotel,CHN,134,9,0.06716417910447761,2.1271047983648077,0.08461473330200504,0.022943349324591605,0.017450554197527432,0.039645768625805496,0.1295836979782046
Resort Hotel,CIV,2,0,0,0.3010299956639812,0.2278694770330245,0.10779501384749474,0.2278694770330245,0.016591249891934806,0.4391477041741142
Resort Hotel,CMR,2,0,0,0.3010299956639812,0.2278694770330245,0.10779501384749474,0.2278694770330245,0.016591249891934806,0.4391477041741142
Resort Hotel,CN,710,96,0.1352112676056338,2.8512583487190755,0.13752539326008933,0.012807160502142218,0.0023141256544555455,0.1124233586758906,0.16262742784428807
Resort Hotel,COL,16,4,0.25,1.2041199826559248,0.2556586101323854,0.08080860012840019,0.005658610132385389,0.09727375388072101,0.41404346638404976
Resort Hotel,COM,1,0,0,0,0.2439825842088595,0.11420677911254053,0.2439825842088595,0.020137297148280053,0.4678278712694389
Resort Hotel,CPV,5,0,0,0.6989700043360189,0.19018822324926635,0.09213885732654617,0.19018822324926635,0.009596062889235868,0.3707803836092968
Resort Hotel,CRI,2,0,0,0.3010299956639812,0.2278694770330245,0.10779501384749474,0.2278694770330245,0.016591249891934806,0.4391477041741142
Resort Hotel,CUB,4,0,0,0.6020599913279624,0.20128317475250562,0.09684362713330578,0.20128317475250562,0.011469665571226278,0.39109668393378494
Resort Hotel,CYM,1,0,0,0,0.2439825842088595,0.11420677911254053,0.2439825842088595,0.020137297148280053,0.4678278712694389
Resort Hotel,CYP,8,2,0.25,0.9030899869919435,0.2577998057656358,0.09513276494679676,0.0077998057656358255,0.07133958646991417,0.4442600250613575
Resort Hotel,CZE,27,4,0.14814814814814814,1.4313637641589874,0.18560097037288256,0.06136347442499266,0.03745282222473442,0.06532856049989695,0.3058733802458682
Resort Hotel,DEU,1203,146,0.12136325852036575,3.0802656273398448,0.12288892747662827,0.00941437629472065,0.0015256689562625214,0.10443674993897581,0.14134110501428074
Resort Hotel,DJI,1,0,0,0,0.2439825842088595,0.11420677911254053,0.2439825842088595,0.020137297148280053,0.4678278712694389
Resort Hotel,DNK,65,5,0.07692307692307693,1.8129133566428555,0.10814138531526252,0.03513193482522751,0.03121830839218559,0.03928279305781661,0.1769999775727084
Resort Hotel,DOM,3,0,0,0.47712125471966244,0.21375280602633726,0.10203720066889613,0.21375280602633726,0.013759892715300842,0.4137457193373737
Resort Hotel,DZA,12,5,0.4166666666666667,1.0791812460476249,0.33610745464239494,0.09420830172115262,0.08055921202427174,0.15145918326893582,0.5207557260158541
Resort Hotel,ECU,2,0,0,0.3010299956639812,0.2278694770330245,0.10779501384749474,0.2278694770330245,0.016591249891934806,0.4391477041741142
Resort Hotel,EGY,1,0,0,0,0.2439825842088595,0.11420677911254053,0.2439825842088595,0.020137297148280053,0.4678278712694389
Resort Hotel,ESP,3957,851,0.21506191559262067,3.597366050266028,0.2152191024866568,0.006522462734297977,1.571868940361265e-4,0.20243507552743276,0.22800312944588083
Resort Hotel,EST,33,4,0.12121212121212122,1.5185139398778875,0.1614665820792382,0.05416938626829181,0.04025446086711698,0.05529458499338624,0.26763857916509015
Resort Hotel,FIN,151,16,0.10596026490066225,2.1789769472931693,0.11849731007976182,0.025226463884492966,0.012537045179099565,0.06905344086615561,0.16794117929336802
Resort Hotel,FJI,1,1,1,0,0.3146945873504639,0.12349042568635764,0.6853054126495361,0.07265335300520293,0.5567358216957249
Resort Hotel,FRA,1611,211,0.13097454996896338,3.207095540419218,0.13203918575044823,0.008400197493384628,0.0010646357814848573,0.11557479866341436,0.1485035728374821
Resort Hotel,GBR,6814,891,0.1307601995890813,3.8334021292318585,0.13101388356803698,0.004083622755981361,2.536839789556711e-4,0.1230099829663135,0.13901778416976043
Resort Hotel,GEO,11,7,0.6363636363636364,1.0413926851582251,0.43287325589350784,0.10084049809888683,0.20349038047012852,0.23522587961968966,0.630520632167326
Resort Hotel,GGY,1,1,1,0,0.3146945873504639,0.12349042568635764,0.6853054126495361,0.07265335300520293,0.5567358216957249
Resort Hotel,GIB,13,6,0.46153846153846156,1.1139433523068367,0.36150320978569356,0.093965214081686,0.100035251752768,0.17733139018558902,0.5456750293857981
Resort Hotel,GRC,10,2,0.2,1,0.2355198604705405,0.08820590103411222,0.03551986047054048,0.06263629444368055,0.40840342649740047
Resort Hotel,HKG,4,3,0.75,0.6020599913279624,0.37629324604432113,0.11701036354079332,0.37370675395567887,0.14695293350436622,0.605633558584276
Resort Hotel,HRV,11,2,0.18181818181818182,1.0413926851582251,0.2257642013446332,0.08509003536771088,0.043946019526451385,0.05898773202391988,0.39254067066534654
Resort Hotel,HUN,47,9,0.19148936170212766,1.6720978579357175,0.2070166759233861,0.05224517961870795,0.015527314221258443,0.10461612387071852,0.3094172279760537
Resort Hotel,IDN,5,2,0.4,0.6989700043360189,0.3004304381475701,0.10763323298406259,0.09956956185242993,0.08946930149880741,0.5113915747963328
Resort Hotel,IND,37,4,0.10810810810810811,1.568201724066995,0.1485858035945512,0.05022949783386917,0.04047769548644309,0.05013598784016762,0.24703561934893478
Resort Hotel,IRL,2166,432,0.1994459833795014,3.3356584522893016,0.19982653539473494,0.008565957181902395,3.805520152335429e-4,0.18303725931820625,0.21661581147126363
Resort Hotel,IRN,5,0,0,0.6989700043360189,0.19018822324926635,0.09213885732654617,0.19018822324926635,0.009596062889235868,0.3707803836092968
Resort Hotel,ISL,6,0,0,0.7781512503836436,0.18025250552428349,0.0878594571811311,0.18025250552428349,0.008047969449266529,0.35245704159930047
Resort Hotel,ISR,28,12,0.42857142857142855,1.4471580313422192,0.3755388344292712,0.07549846599983227,0.05303259414215733,0.22756184106959995,0.5235158277889425
Resort Hotel,ITA,459,80,0.17429193899782136,2.661812685537261,0.1767485057618529,0.01755528486782458,0.002456566764031526,0.14234014742091672,0.21115686410278905
Resort Hotel,JAM,5,0,0,0.6989700043360189,0.19018822324926635,0.09213885732654617,0.19018822324926635,0.009596062889235868,0.3707803836092968
Resort Hotel,JEY,3,3,1,0.47712125471966244,0.399604871741677,0.12191496992394914,0.600395128258323,0.16065153069073673,0.6385582127926173
Resort Hotel,JOR,2,0,0,0.3010299956639812,0.2278694770330245,0.10779501384749474,0.2278694770330245,0.016591249891934806,0.4391477041741142
Resort Hotel,JPN,9,0,0,0.9542425094393249,0.155830110246438,0.07707853707205398,0.155830110246438,0.004756177585212212,0.3069040429076638
Resort Hotel,KAZ,5,1,0.2,0.6989700043360189,0.24530933069841823,0.10101840133340188,0.04530933069841822,0.04731326408495054,0.4433053973118859
Resort Hotel,KOR,9,3,0.3333333333333333,0.9542425094393249,0.2913200176228174,0.09656129737523829,0.04201331571051592,0.10205987476735034,0.48058016047828445
Resort Hotel,KWT,3,1,0.3333333333333333,0.47712125471966244,0.27570349459811716,0.11122499612477742,0.057629838735216155,0.05770250219355344,0.4937044870026809
Resort Hotel,LBN,6,3,0.5,0.7781512503836436,0.3369770001628525,0.1080369309800183,0.16302299983714752,0.1252246154420166,0.5487293848836884
Resort Hotel,LKA,1,0,0,0,0.2439825842088595,0.11420677911254053,0.2439825842088595,0.020137297148280053,0.4678278712694389
Resort Hotel,LTU,46,1,0.021739130434782608,1.662757831681574,0.07524905948109988,0.03430168074150387,0.05350992904631727,0.008017765227752285,0.14248035373444745
Resort Hotel,LUX,80,26,0.325,1.9030899869919435,0.31618830439072854,0.04818020961366444,0.008811695609271475,0.22175509354794623,0.41062151523351087
Resort Hotel,LVA,33,4,0.12121212121212122,1.5185139398778875,0.1614665820792382,0.05416938626829181,0.04025446086711698,0.05529458499338624,0.26763857916509015
Resort Hotel,MAC,1,0,0,0,0.2439825842088595,0.11420677911254053,0.2439825842088595,0.020137297148280053,0.4678278712694389
Resort Hotel,MAR,75,36,0.48,1.8750612633917,0.44757809042490715,0.05296374979942814,0.03242190957509283,0.343769140818028,0.5513870400317863
Resort Hotel,MDG,1,0,0,0,0.2439825842088595,0.11420677911254053,0.2439825842088595,0.020137297148280053,0.4678278712694389
Resort Hotel,MDV,6,4,0.6666666666666666,0.7781512503836436,0.3892184983757088,0.1114416377264791,0.2774481682909578,0.1707928884318098,0.6076441083196078
Resort Hotel,MEX,6,0,0,0.7781512503836436,0.18025250552428349,0.0878594571811311,0.18025250552428349,0.008047969449266529,0.35245704159930047
Resort Hotel,MKD,1,0,0,0,0.2439825842088595,0.11420677911254053,0.2439825842088595,0.020137297148280053,0.4678278712694389
Resort Hotel,MLT,2,0,0,0.3010299956639812,0.2278694770330245,0.10779501384749474,0.2278694770330245,0.016591249891934806,0.4391477041741142
Resort Hotel,MOZ,6,3,0.5,0.7781512503836436,0.3369770001628525,0.1080369309800183,0.16302299983714752,0.1252246154420166,0.5487293848836884
Resort Hotel,MUS,1,0,0,0,0.2439825842088595,0.11420677911254053,0.2439825842088595,0.020137297148280053,0.4678278712694389
Resort Hotel,MWI,2,0,0,0.3010299956639812,0.2278694770330245,0.10779501384749474,0.2278694770330245,0.016591249891934806,0.4391477041741142
Resort Hotel,MYS,10,0,0,1,0.14909642338172488,0.07404138886606175,0.14909642338172488,0.0039753012042438585,0.2942175455592059
Resort Hotel,NGA,10,2,0.2,1,0.2355198604705405,0.08820590103411222,0.03551986047054048,0.06263629444368055,0.40840342649740047
Resort Hotel,NLD,514,56,0.10894941634241245,2.710963118995276,0.11277869100026332,0.01377735186215461,0.0038292746578508646,0.08577508135044029,0.13978230065008634
Resort Hotel,NOR,123,23,0.18699186991869918,2.089905111439398,0.19428534380468057,0.03390898538379328,0.007293473885981394,0.12782373245244574,0.26074695515691537
Resort Hotel,NPL,1,0,0,0,0.2439825842088595,0.11420677911254053,0.2439825842088595,0.020137297148280053,0.4678278712694389
Resort Hotel,NULL,464,45,0.09698275862068965,2.6665179805548807,0.10154290185651348,0.013827691852424806,0.004560143235823821,0.07444062582576086,0.1286451778872661
Resort Hotel,NZL,14,0,0,1.146128035678238,0.12712352026880516,0.06393953344602506,0.12712352026880516,0.001802034714596057,0.25244500582301427
Resort Hotel,OMN,11,0,0,1.0413926851582251,0.14292057952508333,0.07123156051390808,0.14292057952508333,0.003306720917823497,0.28253443813234314
Resort Hotel,PAK,4,2,0.5,0.6020599913279624,0.31795655561371594,0.11247624389842793,0.18204344438628406,0.0975031175727972,0.5384099936546347
Resort Hotel,PER,1,0,0,0,0.2439825842088595,0.11420677911254053,0.2439825842088595,0.020137297148280053,0.4678278712694389
Resort Hotel,PHL,16,9,0.5625,1.2041199826559248,0.4272330455725008,0.09163527392445533,0.1352669544274992,0.24762790868056836,0.6068381824644332
Resort Hotel,PLW,1,0,0,0,0.2439825842088595,0.11420677911254053,0.2439825842088595,0.020137297148280053,0.4678278712694389
Resort Hotel,POL,333,39,0.11711711711711711,2.5224442335063197,0.1226386454313583,0.017630955723911535,0.005521528314241186,0.0880819722124917,0.1571953186502249
Resort Hotel,PRI,9,0,0,0.9542425094393249,0.155830110246438,0.07707853707205398,0.155830110246438,0.004756177585212212,0.3069040429076638
Resort Hotel,PRT,17630,7438,0.4218944980147476,4.246252312299322,0.42177580527935665,0.003717928199569385,1.1869273539094616e-4,0.41448866600820067,0.42906294455051264
Resort Hotel,QAT,1,0,0,0,0.2439825842088595,0.11420677911254053,0.2439825842088595,0.020137297148280053,0.4678278712694389
Resort Hotel,ROU,177,32,0.1807909604519774,2.247973266361807,0.18644168180347345,0.028244049876793936,0.005650721351496052,0.13108334404495733,0.24180001956198957
Resort Hotel,RUS,189,61,0.32275132275132273,2.2764618041732443,0.3188373093680612,0.0327779549293616,0.003914013383261528,0.2545925177065125,0.38308210102960993
Resort Hotel,SAU,1,0,0,0,0.2439825842088595,0.11420677911254053,0.2439825842088595,0.020137297148280053,0.4678278712694389
Resort Hotel,SEN,1,1,1,0,0.3146945873504639,0.12349042568635764,0.6853054126495361,0.07265335300520293,0.5567358216957249
Resort Hotel,SGP,4,0,0,0.6020599913279624,0.20128317475250562,0.09684362713330578,0.20128317475250562,0.011469665571226278,0.39109668393378494
Resort Hotel,SMR,1,0,0,0,0.2439825842088595,0.11420677911254053,0.2439825842088595,0.020137297148280053,0.4678278712694389
Resort Hotel,SRB,7,0,0,0.8450980400142568,0.17130336128201293,0.08395195807375569,0.17130336128201293,0.006757523457451786,0.33584919910657407
Resort Hotel,SUR,4,0,0,0.6020599913279624,0.20128317475250562,0.09684362713330578,0.20128317475250562,0.011469665571226278,0.39109668393378494
Resort Hotel,SVK,12,3,0.25,1.0791812460476249,0.2565588788859696,0.08709997301862457,0.006558878885969621,0.08584293176946547,0.4272748260024738
Resort Hotel,SVN,11,1,0.09090909090909091,1.0413926851582251,0.18434239043485826,0.0789189129311691,0.09343329952576734,0.029661321089766823,0.3390234597799497
Resort Hotel,SWE,304,73,0.24013157894736842,2.482873583608754,0.2410604755214739,0.024018163568830617,9.2889657410547e-4,0.19398487492656588,0.2881360761163819
Resort Hotel,SYC,1,1,1,0,0.3146945873504639,0.12349042568635764,0.6853054126495361,0.07265335300520293,0.5567358216957249
Resort Hotel,SYR,1,0,0,0,0.2439825842088595,0.11420677911254053,0.2439825842088595,0.020137297148280053,0.4678278712694389
Resort Hotel,TGO,1,0,0,0,0.2439825842088595,0.11420677911254053,0.2439825842088595,0.020137297148280053,0.4678278712694389
Resort Hotel,THA,6,0,0,0.7781512503836436,0.18025250552428349,0.0878594571811311,0.18025250552428349,0.008047969449266529,0.35245704159930047
Resort Hotel,TUN,1,1,1,0,0.3146945873504639,0.12349042568635764,0.6853054126495361,0.07265335300520293,0.5567358216957249
Resort Hotel,TUR,23,7,0.30434782608695654,1.3617278360175928,0.28914856812769646,0.07541272443276932,0.015199257959260082,0.1413396282394686,0.4369575080159243
Resort Hotel,TWN,12,0,0,1.0791812460476249,0.13723601525133167,0.06862482657436211,0.13723601525133167,0.002731355165581928,0.2717406753370814
Resort Hotel,UGA,1,0,0,0,0.2439825842088595,0.11420677911254053,0.2439825842088595,0.020137297148280053,0.4678278712694389
Resort Hotel,UKR,23,0,0,1.3617278360175928,0.09546739227480698,0.04888035261501237,0.09546739227480698,-3.380988506172661e-4,0.19127288340023124
Resort Hotel,URY,8,3,0.375,0.9030899869919435,0.30509931004222346,0.10014062065759385,0.06990068995777654,0.10882369355333951,0.5013749265311074
Resort Hotel,USA,479,72,0.15031315240083507,2.680335513414563,0.153310203102075,0.016240617382836182,0.0029970507012399283,0.12147859303171607,0.18514181317243392
Resort Hotel,UZB,1,0,0,0,0.2439825842088595,0.11420677911254053,0.2439825842088595,0.020137297148280053,0.4678278712694389
Resort Hotel,VEN,3,1,0.3333333333333333,0.47712125471966244,0.27570349459811716,0.11122499612477742,0.057629838735216155,0.05770250219355344,0.4937044870026809
Resort Hotel,VNM,2,0,0,0.3010299956639812,0.2278694770330245,0.10779501384749474,0.2278694770330245,0.016591249891934806,0.4391477041741142
Resort Hotel,ZAF,18,5,0.2777777777777778,1.255272505103306,0.2713507561063315,0.07968056946256358,0.006427021671446265,0.11517683995970693,0.4275246722529561
Resort Hotel,ZMB,1,0,0,0,0.2439825842088595,0.11420677911254053,0.2439825842088595,0.020137297148280053,0.4678278712694389
Resort Hotel,ZWE,2,0,0,0.3010299956639812,0.2278694770330245,0.10779501384749474,0.2278694770330245,0.016591249891934806,0.4391477041741142
